timestep;Config;trial1;trial2;trial3;trial4;trial5;trial6;trial7;trial8;trial9;trial10;trial11;trial12;trial13;trial14;trial15;trial16;trial17;trial18;trial19;trial20;trial21;trial22;trial23;trial24;trial25;trial26;trial27;trial28;trial29;trial30;trial31;trial32;trial33;trial34;trial35;trial36;trial37;trial38;trial39;trial40;trial41;trial42;trial43;trial44;trial45;trial46;trial47;trial48;trial49;trial50;trial51;trial52;trial53;trial54;trial55;trial56;trial57;trial58;trial59;trial60;trial61;trial62;trial63;trial64;trial65;trial66;trial67;trial68;trial69;trial70;trial71;trial72;trial73;trial74;trial75;trial76;trial77;trial78;trial79;trial80;trial81;trial82;trial83;trial84;trial85;trial86;trial87;trial88;trial89;trial90;trial91;trial92;trial93;trial94;trial95;trial96;trial97;trial98;trial99;trial100;trial101;trial102;trial103;trial104;trial105;trial106;trial107;trial108;trial109;trial110;trial111;trial112;trial113;trial114;trial115;trial116;trial117;trial118;trial119;trial120;trial121;trial122;trial123;trial124;trial125;trial126;trial127;trial128;trial129;trial130;trial131;trial132;trial133;trial134;trial135;trial136;trial137;trial138;trial139;trial140;trial141;trial142;trial143;trial144;trial145;trial146;trial147;trial148;trial149;trial150;trial151;trial152;trial153;trial154;trial155;trial156;trial157;trial158;trial159;trial160;trial161;trial162;trial163;trial164;trial165;trial166;trial167;trial168;trial169;trial170;trial171;trial172;trial173;trial174;trial175;trial176;trial177;trial178;trial179;trial180;trial181;trial182;trial183;trial184;trial185;trial186;trial187;trial188;trial189;trial190;trial191;trial192;trial193;trial194;trial195;trial196;trial197;trial198;trial199;trial200;trial201;trial202;trial203;trial204;trial205;trial206;trial207;trial208;trial209;trial210;trial211;trial212;trial213;trial214;trial215;trial216;trial217;trial218;trial219;trial220;trial221;trial222;trial223;trial224;trial225;trial226;trial227;trial228;trial229;trial230;trial231;trial232;trial233;trial234;trial235;trial236;trial237;trial238;trial239;trial240;trial241;trial242;trial243;trial244;trial245;trial246;trial247;trial248;trial249;trial250
0;Config B: L:H=90:10;1;1;1;1;1;1;1;1;1;1;1;1;1;1;1;1;1;1;1;1;1;1;1;1;1;1;1;1;1;1;1;1;1;1;1;1;1;1;1;1;1;1;1;1;1;1;1;1;1;1;1;1;1;1;1;1;1;1;1;1;1;1;1;1;1;1;1;1;1;1;1;1;1;1;1;1;1;1;1;1;1;1;1;1;1;1;1;1;1;1;1;1;1;1;1;1;1;1;1;1;1;1;1;1;1;1;1;1;1;1;1;1;1;1;1;1;1;1;1;1;1;1;1;1;1;1;1;1;1;1;1;1;1;1;1;1;1;1;1;1;1;1;1;1;1;1;1;1;1;1;1;1;1;1;1;1;1;1;1;1;1;1;1;1;1;1;1;1;1;1;1;1;1;1;1;1;1;1;1;1;1;1;1;1;1;1;1;1;1;1;1;1;1;1;1;1;1;1;1;1;1;1;1;1;1;1;1;1;1;1;1;1;1;1;1;1;1;1;1;1;1;1;1;1;1;1;1;1;1;1;1;1;1;1;1;1;1;1;1;1;1;1;1;1;1;1;1;1;1;1
1;Config B: L:H=90:10;2;2;3;2;2;1;3;3;1;2;4;1;1;1;1;1;1;3;2;3;6;4;10;1;6;2;2;7;5;1;1;2;1;4;4;3;1;1;3;1;4;1;1;3;4;3;2;1;9;4;5;5;3;43;7;43;57;5;26;4;20;7;12;50;6;28;3;41;7;6;24;7;17;21;11;14;94;30;29;3;39;37;24;47;9;39;22;16;5;11;94;4;7;2;1;14;2;1;4;7;1;8;2;3;12;1;3;4;2;1;8;6;1;1;12;2;1;1;8;11;1;2;2;5;1;5;2;1;2;2;2;10;7;18;2;8;1;1;2;2;8;2;2;2;2;2;4;9;2;4;16;1;4;2;1;2;1;8;1;2;3;1;16;1;11;4;9;2;2;2;2;2;3;3;2;3;9;1;2;2;2;3;4;3;1;2;5;4;1;1;3;9;7;1;1;4;1;4;13;2;3;6;1;6;16;9;4;9;1;2;6;3;1;9;1;2;1;5;2;3;1;4;2;1;2;1;1;6;1;2;4;1;1;1;1;1;2;3;1;16;4;1;9;6;2;2;4;3;2;5
2;Config B: L:H=90:10;3;2;3;4;7;1;2;7;2;8;1;4;3;2;4;1;1;3;21;1;5;7;21;6;38;6;9;47;3;2;2;22;1;12;2;8;3;5;19;6;2;6;4;44;1;41;24;3;24;16;18;26;4;43;9;67;102;2;43;3;14;6;3;140;20;71;16;45;79;2;21;35;12;25;34;6;119;66;56;22;84;38;23;59;4;75;36;21;8;9;161;2;12;6;6;6;4;1;3;9;11;15;4;4;14;4;8;6;3;3;11;18;6;1;48;5;2;1;56;11;22;1;5;8;6;5;1;12;1;3;12;44;23;97;26;47;2;2;12;2;22;2;27;1;2;23;2;21;1;2;23;1;1;5;25;23;6;16;2;11;3;3;29;4;48;24;20;11;33;27;1;3;6;27;19;19;43;3;11;26;5;14;11;21;2;2;26;19;8;2;2;7;20;9;22;5;2;3;42;11;3;10;8;8;29;7;24;20;1;11;29;3;3;11;3;1;1;21;13;4;1;2;19;33;3;10;1;5;1;1;11;2;6;30;4;4;11;3;1;29;24;2;20;58;11;3;7;23;8;8
3;Config B: L:H=90:10;4;1;21;2;35;1;4;31;1;17;2;30;6;2;7;3;3;5;16;30;13;2;33;47;31;7;65;32;2;5;7;48;18;15;86;7;14;14;14;4;28;19;22;65;8;40;60;4;39;63;34;48;7;48;6;72;98;4;53;14;36;3;3;158;64;44;33;42;121;1;10;30;42;21;33;4;134;64;106;20;76;41;34;81;1;94;53;52;7;8;129;13;23;10;9;3;7;1;1;10;10;12;20;6;8;14;10;27;10;4;63;52;23;3;96;6;3;4;170;43;112;1;20;14;4;13;3;60;1;14;83;23;23;150;152;181;9;5;21;3;91;4;69;1;6;45;30;13;52;22;43;34;33;13;56;45;3;28;4;11;31;39;24;3;106;59;14;24;39;88;1;26;9;17;8;41;41;27;5;57;14;18;10;29;1;16;28;20;16;4;20;10;185;3;36;14;20;7;132;11;31;65;7;23;24;17;59;14;1;24;61;2;24;8;2;5;33;33;23;2;18;5;45;95;5;34;1;12;1;35;16;1;9;60;3;23;11;31;30;24;59;4;14;75;24;8;16;88;14;29
4;Config B: L:H=90:10;6;2;29;5;124;1;21;66;3;33;2;29;7;18;59;4;11;20;22;21;18;2;87;41;36;15;82;59;4;12;8;75;13;22;82;6;85;33;20;28;17;16;28;110;73;50;90;6;55;157;28;46;120;64;5;83;112;6;112;4;51;23;22;126;53;39;49;80;146;1;12;30;31;17;87;2;105;67;126;13;73;34;50;72;5;68;65;80;5;13;97;12;34;65;13;4;4;14;5;16;11;45;12;24;2;9;8;38;44;12;142;78;49;2;77;34;3;10;208;92;230;6;22;76;23;17;3;49;2;16;152;46;69;179;205;195;32;10;22;54;175;4;62;1;26;53;99;13;77;16;72;77;43;20;66;25;3;54;31;81;18;53;40;3;168;53;14;25;46;123;19;46;33;65;7;29;35;17;10;46;21;18;12;112;3;15;26;42;25;5;15;8;210;21;15;58;23;22;150;81;18;105;29;46;40;16;53;14;1;25;51;1;43;7;2;18;38;34;31;1;21;3;81;115;36;22;10;13;1;39;66;1;7;103;46;49;81;18;125;40;53;7;14;90;25;28;13;127;21;92
5;Config B: L:H=90:10;5;4;53;16;168;8;45;137;83;41;2;45;55;39;81;8;25;49;63;35;17;10;157;61;29;22;111;74;3;11;4;55;8;11;100;65;139;63;44;93;19;6;25;139;72;47;83;16;43;181;36;76;131;97;16;54;111;3;86;1;54;41;48;156;81;56;54;66;151;72;31;58;26;14;67;2;71;62;111;49;53;58;46;60;8;64;110;93;8;24;102;55;57;52;51;29;8;30;3;21;47;116;13;14;1;5;4;49;82;35;130;69;68;2;94;123;15;4;187;189;208;54;18;85;52;128;5;42;1;47;156;62;67;119;163;150;79;55;61;139;185;7;34;53;13;104;121;48;107;24;77;134;132;59;58;33;3;47;53;100;28;96;91;15;160;24;16;16;59;114;25;47;43;97;3;21;135;17;28;51;20;13;12;179;2;47;23;28;27;5;25;19;162;49;12;52;61;13;128;100;28;140;21;88;91;20;24;16;1;16;95;6;34;43;2;12;85;90;37;8;13;2;59;105;105;19;20;22;6;26;153;2;1;128;92;59;100;28;152;91;24;5;16;129;16;95;89;115;49;89
6;Config B: L:H=90:10;33;4;66;35;164;12;45;167;163;39;19;106;115;105;104;24;33;107;53;16;13;38;146;82;17;25;109;63;1;15;5;38;6;58;138;65;151;56;30;120;16;2;16;91;65;35;89;11;61;130;26;55;158;98;38;47;100;3;80;2;52;76;37;171;123;41;30;101;129;101;12;44;15;47;63;2;95;75;170;34;71;39;76;73;25;71;68;72;12;25;123;101;34;55;58;74;9;45;10;52;31;159;23;24;3;15;79;52;97;120;114;63;95;10;51;182;6;2;124;202;143;89;17;95;45;240;3;37;7;38;120;55;77;105;153;116;173;114;90;171;148;15;30;46;22;126;141;40;129;55;81;129;127;64;48;66;1;27;61;80;13;111;66;65;134;13;12;44;95;100;27;50;32;117;2;25;89;19;59;61;8;10;13;165;30;104;16;44;99;3;67;37;133;44;2;55;99;9;122;80;13;160;41;92;66;21;13;12;2;44;87;2;32;63;7;17;126;82;69;17;39;7;49;111;141;64;36;11;2;28;140;3;8;138;128;119;80;13;160;66;13;4;12;117;44;215;75;109;137;83
7;Config B: L:H=90:10;43;4;122;77;176;40;34;177;158;33;109;141;109;88;83;62;73;122;45;20;32;48;105;82;25;21;93;46;3;7;3;56;11;95;119;58;99;60;26;121;11;8;15;84;71;31;69;40;60;104;17;47;114;67;39;51;88;2;58;4;34;93;52;129;95;48;29;119;106;103;11;90;44;44;62;8;86;82;162;24;55;36;65;74;52;78;44;85;10;37;126;113;49;58;51;127;39;62;20;51;22;167;17;19;10;8;179;69;74;150;126;73;157;16;43;116;7;1;127;168;115;146;19;93;57;227;25;55;6;27;86;84;87;117;117;111;163;124;145;127;171;17;22;68;11;100;146;81;112;94;41;80;102;92;31;50;25;17;78;64;5;74;50;92;88;14;15;37;106;94;31;69;40;134;1;39;49;6;41;52;3;10;7;124;74;195;49;115;149;11;60;23;135;60;1;77;70;13;95;64;5;107;63;158;50;43;14;15;1;37;86;2;42;50;17;67;83;74;86;36;80;3;29;85;103;70;66;6;2;16;85;18;4;108;143;142;64;5;107;50;14;4;15;73;37;131;77;73;118;78
8;Config B: L:H=90:10;70;2;126;89;133;32;62;172;104;23;137;133;137;49;61;81;102;124;36;25;53;38;109;120;20;15;94;64;4;13;7;70;13;113;80;58;81;62;39;151;10;19;29;77;75;21;45;53;50;90;19;95;126;57;31;58;113;5;41;4;85;80;59;109;72;104;21;95;118;75;7;90;28;18;62;18;78;77;140;57;90;71;84;127;89;74;44;54;42;59;85;110;59;47;36;152;150;46;47;64;14;140;18;9;32;2;198;106;53;172;76;52;143;13;11;89;2;1;122;122;111;172;22;154;61;143;62;98;6;25;82;104;52;103;100;129;143;165;146;99;144;20;10;62;31;59;123;71;98;90;24;50;101;113;51;55;33;18;75;29;4;95;37;74;71;7;9;44;69;68;28;61;97;109;3;49;53;17;43;61;1;11;17;76;70;254;36;165;113;5;30;9;137;89;1;91;42;25;108;29;4;146;106;129;37;76;7;9;17;44;64;6;31;86;37;93;62;75;111;63;56;13;64;66;88;33;89;18;1;45;110;27;9;108;185;105;29;4;87;37;7;32;9;80;44;91;82;113;89;102
9;Config B: L:H=90:10;43;19;116;48;130;68;80;105;96;34;116;126;103;73;88;69;101;120;30;24;71;23;121;120;45;18;100;62;16;23;15;36;10;86;48;72;67;90;40;149;27;14;17;113;58;28;37;108;53;98;26;66;101;33;25;36;113;19;77;19;76;60;55;95;74;92;34;55;108;88;31;49;63;10;53;16;111;52;75;57;121;90;78;101;89;58;34;49;25;47;74;85;44;80;42;103;195;64;60;65;67;109;61;70;30;3;137;126;38;135;78;62;94;11;20;65;1;25;103;125;134;150;27;140;91;117;70;122;5;78;75;101;50;83;96;107;164;147;123;107;98;57;3;62;27;33;97;59;129;79;12;45;111;106;72;30;40;8;83;50;33;83;32;58;79;21;8;36;100;79;29;52;125;69;5;64;63;11;47;68;2;33;40;97;41;163;32;112;60;41;35;6;118;101;0;97;34;23;109;50;33;132;139;92;32;97;21;8;20;36;65;10;15;61;47;83;94;79;89;58;60;22;107;44;110;34;120;7;2;42;106;66;4;105;200;96;50;33;85;32;21;50;8;53;36;86;113;84;112;99
10;Config B: L:H=90:10;60;11;97;39;155;66;84;108;95;55;101;85;91;87;118;55;88;90;20;50;59;23;122;103;32;20;101;44;57;19;19;33;6;74;77;66;54;121;22;95;35;38;16;93;69;76;71;100;62;70;56;47;89;23;13;29;87;17;60;7;59;63;38;116;80;110;17;54;99;84;47;26;52;19;44;10;151;45;72;27;69;84;46;77;62;37;52;41;18;23;101;126;17;69;16;81;186;72;43;65;96;108;55;48;54;6;92;83;35;114;85;39;82;51;19;65;2;111;99;125;122;120;25;130;58;108;103;97;7;87;58;78;81;105;109;114;143;144;135;112;67;79;1;66;44;31;109;43;82;60;8;27;90;74;46;12;29;9;77;30;10;59;45;97;75;61;6;39;73;52;33;83;98;84;31;63;52;7;37;45;0;34;30;72;32;121;37;99;59;41;39;2;113;91;0;82;18;36;105;30;10;138;68;62;45;66;61;6;56;39;79;28;9;73;55;41;96;112;70;93;103;14;67;53;76;67;116;4;35;75;96;142;10;64;138;107;30;10;105;45;61;56;6;41;39;92;111;59;83;112
11;Config B: L:H=90:10;39;8;70;69;115;66;48;87;91;51;122;74;81;116;75;86;104;74;17;41;46;24;95;87;32;42;146;54;71;48;21;66;5;60;47;63;38;125;12;62;33;47;29;70;72;118;77;72;43;98;88;39;175;27;22;43;101;10;47;2;63;67;47;155;63;81;6;57;116;79;41;31;33;9;16;55;125;36;94;35;49;68;22;89;62;33;110;53;6;14;59;110;14;64;18;83;147;85;27;86;56;102;69;56;55;29;114;66;15;87;81;81;106;48;20;93;8;139;94;115;108;124;43;83;35;124;105;107;7;72;58;90;78;134;117;99;124;111;127;90;64;58;2;38;22;49;123;63;90;80;18;16;72;64;84;23;27;10;58;20;8;76;35;75;133;33;11;34;50;64;36;63;64;62;41;99;28;42;42;32;0;25;20;92;24;121;41;83;46;48;32;4;88;121;0;80;19;34;107;20;8;117;49;55;35;82;33;11;40;34;63;117;33;58;50;68;109;95;81;123;60;17;28;52;57;67;93;34;67;86;100;205;8;130;87;81;20;8;96;35;33;64;11;84;34;101;96;56;80;104
12;Config B: L:H=90:10;64;27;84;89;146;103;42;110;66;40;100;89;78;135;89;84;99;73;43;61;30;27;90;85;57;29;101;38;72;28;14;38;28;70;72;75;75;100;8;45;38;32;17;77;66;82;77;75;19;111;64;70;131;31;20;45;108;9;76;5;44;50;27;146;74;54;5;63;118;72;32;26;53;3;18;52;110;36;113;56;46;24;26;83;56;43;111;68;8;11;97;96;18;63;12;106;112;60;17;118;76;154;106;51;79;21;120;60;17;74;111;51;116;56;10;92;27;106;83;133;79;112;30;97;30;123;118;115;7;51;58;92;68;156;121;130;117;118;114;98;59;64;0;27;38;81;100;74;90;46;25;22;59;83;73;40;31;7;51;10;1;78;21;85;130;30;7;69;31;56;34;48;55;86;42;57;34;32;26;27;0;16;12;128;20;177;53;81;62;58;14;30;93;108;0;52;32;14;106;10;1;82;70;32;21;100;30;7;61;69;77;168;30;39;49;75;55;98;80;96;53;14;10;104;110;77;61;27;32;49;116;186;10;141;99;79;10;1;86;21;30;67;7;118;69;90;96;73;47;69
13;Config B: L:H=90:10;66;50;81;101;120;103;22;140;72;115;149;91;98;111;77;112;67;52;53;56;36;12;98;90;87;19;87;34;132;37;22;29;31;101;103;55;99;108;5;54;35;43;18;97;50;81;53;84;29;124;102;58;127;28;61;74;94;21;82;4;51;28;17;110;83;34;20;97;103;46;13;9;63;5;21;39;125;31;117;79;47;30;17;59;38;50;98;62;2;7;79;48;32;45;12;111;123;68;33;85;74;169;63;38;53;14;101;40;19;92;93;56;114;58;9;54;30;135;127;127;86;130;22;92;43;125;105;106;20;125;67;91;75;125;113;142;124;95;91;126;83;75;0;30;81;73;115;75;67;54;13;49;53;79;49;35;35;15;25;11;1;84;11;64;125;20;1;36;55;42;44;60;28;101;44;49;23;72;13;27;0;40;10;138;13;153;57;75;75;105;61;18;127;107;0;125;28;10;113;11;1;98;84;34;11;108;20;1;83;36;47;121;59;60;93;56;52;80;80;62;77;6;43;66;119;66;53;37;41;49;67;143;9;114;88;76;11;1;99;11;20;147;1;83;36;88;121;68;49;51
14;Config B: L:H=90:10;89;74;110;107;104;83;31;153;88;95;138;117;93;70;66;108;78;42;44;88;72;17;109;97;86;7;84;42;141;38;13;18;48;66;117;48;113;93;7;35;65;25;12;83;75;54;69;105;49;176;79;52;147;42;59;44;114;19;82;1;34;21;42;132;86;36;11;101;88;23;5;4;37;8;30;36;120;43;122;116;35;26;15;80;30;29;63;45;25;16;90;39;17;32;62;63;117;47;25;57;61;132;62;42;31;13;101;39;20;93;97;55;99;44;4;44;17;116;149;119;91;82;43;108;25;102;102;106;17;114;91;71;61;112;116;121;145;99;119;134;127;39;0;35;80;92;96;52;118;28;17;91;101;55;63;58;43;19;21;7;22;75;11;90;107;9;0;29;108;59;20;47;20;129;69;30;40;61;29;31;0;52;12;132;5;128;66;79;56;92;92;11;120;41;0;70;10;6;101;7;22;136;87;36;11;122;9;0;105;29;54;84;54;58;104;50;68;77;65;32;67;12;72;84;88;35;71;36;29;47;92;76;6;140;159;95;7;22;127;11;9;93;0;73;29;104;85;106;49;72
15;Config B: L:H=90:10;68;65;75;78;101;66;25;123;115;66;74;111;90;45;79;81;110;83;74;92;56;10;93;138;82;24;84;62;108;59;19;29;93;36;83;50;92;116;35;24;80;30;5;58;47;49;62;74;56;134;76;37;130;21;38;26;83;39;51;13;33;10;34;104;78;42;25;109;78;11;5;2;29;8;48;29;96;43;106;121;24;17;8;144;17;38;114;20;18;14;152;33;15;67;80;39;119;50;11;55;39;98;83;62;33;6;137;35;19;83;115;44;85;59;3;59;14;99;106;123;127;72;42;69;24;66;105;77;18;86;73;76;77;105;83;86;127;129;115;134;131;56;0;26;80;75;109;43;101;24;11;68;106;30;60;59;69;8;10;6;13;87;45;73;109;9;0;23;97;96;33;82;16;97;60;38;45;76;30;38;0;56;19;81;16;116;55;65;56;89;67;6;100;47;0;57;7;4;134;6;13;109;88;78;45;87;9;0;106;23;54;63;57;93;79;59;100;55;81;33;108;10;59;62;123;26;89;33;37;64;112;82;5;123;126;93;6;13;126;45;9;55;0;44;23;88;53;110;127;76
16;Config B: L:H=90:10;93;65;60;45;141;61;34;109;106;42;103;84;128;52;58;74;99;92;71;44;76;21;124;146;84;27;77;57;75;57;8;60;70;21;106;60;61;111;62;27;61;27;6;60;46;55;89;48;60;94;65;63;151;50;18;17;63;35;81;6;46;5;14;94;60;52;25;87;104;22;2;2;24;20;69;22;103;36;100;65;64;10;15;139;6;54;128;71;6;32;135;62;28;51;61;37;102;47;46;70;61;161;75;41;32;9;152;23;42;66;141;34;84;68;5;123;11;91;87;121;114;99;33;79;33;124;90;79;104;54;66;77;72;118;73;77;123;89;98;114;102;60;0;18;72;57;107;35;103;29;45;92;117;39;39;73;37;5;2;12;9;41;41;139;102;25;0;42;85;69;64;96;16;113;56;19;34;64;46;51;0;46;39;94;22;76;67;90;105;53;49;0;109;100;0;57;7;2;155;12;9;104;126;81;41;54;25;0;110;42;86;124;47;118;94;67;107;42;87;66;95;5;80;50;114;65;135;26;36;44;101;130;37;108;90;92;12;9;141;41;25;60;0;78;42;103;47;97;87;130
17;Config B: L:H=90:10;63;111;75;27;99;48;45;81;115;37;88;96;103;69;38;70;96;109;36;23;67;12;122;103;53;52;53;37;88;19;19;63;47;15;107;59;50;87;51;71;57;21;0;63;46;48;82;35;73;99;54;62;89;46;43;23;62;59;80;2;47;1;9;123;42;52;20;70;109;26;0;1;9;8;64;29;130;10;85;37;51;10;7;128;6;42;111;44;2;37;81;81;74;75;46;49;85;44;39;77;58;127;77;33;28;42;114;18;28;94;152;26;113;44;12;127;18;86;86;119;120;119;12;120;30;142;71;75;130;44;58;99;46;131;80;81;101;90;118;104;118;60;0;51;86;47;89;79;80;18;50;92;86;36;54;57;18;6;3;4;4;25;46;103;85;25;0;70;74;63;74;41;11;103;52;30;16;99;72;75;0;27;18;109;11;86;110;110;124;53;78;0;127;108;0;112;8;3;117;4;4;108;107;62;46;54;25;0;76;70;51;112;72;117;99;86;89;54;73;87;76;2;71;66;121;51;147;65;15;32;72;131;40;77;102;70;4;4;111;46;25;90;0;101;70;152;76;78;100;109
18;Config B: L:H=90:10;63;111;105;24;109;60;47;68;169;32;55;114;78;101;55;88;94;111;27;17;98;6;110;102;28;54;51;25;64;48;15;85;47;24;104;58;65;111;39;55;37;9;0;79;69;32;59;57;132;101;36;55;58;62;47;29;87;58;87;1;35;37;7;156;56;52;12;61;119;37;0;2;11;10;78;18;118;10;110;63;25;7;9;156;8;68;127;24;1;53;112;91;68;116;26;79;81;69;51;87;95;98;52;57;20;37;77;28;23;84;110;52;68;29;10;94;14;46;82;103;118;156;8;105;39;143;65;72;104;50;41;77;44;142;129;107;109;72;101;140;98;74;0;70;49;42;88;97;80;26;51;64;111;65;40;71;16;6;2;2;15;20;62;75;89;14;0;49;49;62;48;21;4;95;60;87;10;62;96;54;0;39;43;104;24;76;113;126;70;64;44;0;82;70;0;101;7;12;89;2;15;68;76;56;62;42;14;0;75;49;76;108;112;76;93;85;74;42;76;105;73;1;52;63;102;38;113;76;7;55;56;120;27;65;117;89;2;15;72;62;14;147;0;92;49;146;103;82;106;106
19;Config B: L:H=90:10;74;109;103;21;106;48;63;83;144;28;75;88;67;111;92;89;60;79;57;25;56;5;111;90;38;17;80;23;96;38;18;60;29;13;106;49;108;132;60;94;43;30;0;62;49;54;78;43;112;63;24;41;62;43;45;21;70;59;61;0;21;37;4;139;74;22;13;75;172;38;0;1;11;7;51;54;92;7;140;57;22;3;12;122;6;63;105;9;2;48;84;110;39;109;27;116;117;115;92;129;32;122;93;47;20;40;135;24;23;113;131;100;137;34;3;109;15;87;104;112;124;156;6;83;46;106;91;58;58;45;74;68;28;143;155;103;118;68;109;110;113;68;0;75;48;24;111;73;84;27;29;86;105;93;77;72;66;11;6;0;25;13;94;60;96;43;0;47;57;57;62;45;3;82;52;87;6;37;73;45;0;50;47;109;11;136;72;106;49;57;49;0;74;116;0;84;12;12;96;0;25;72;47;55;94;46;43;0;82;47;46;78;118;80;59;82;75;71;67;110;71;1;118;64;63;57;94;63;5;47;49;125;27;57;123;120;0;25;60;94;43;173;0;69;47;130;100;68;77;91
20;Config B: L:H=90:10;73;77;79;26;158;29;91;123;97;40;77;55;81;100;122;127;38;57;39;82;55;2;76;74;25;5;133;19;105;26;22;28;52;23;75;60;77;93;40;129;29;58;0;97;25;101;68;27;73;59;44;46;73;49;23;18;75;63;91;0;13;29;3;141;87;73;11;102;130;113;0;2;4;21;97;45;97;11;118;83;15;3;7;105;2;47;96;7;5;25;95;79;36;60;53;118;168;97;53;114;25;141;73;54;16;19;101;36;34;114;125;74;134;27;2;115;16;101;147;113;139;102;6;58;43;91;99;63;50;51;98;60;49;94;113;135;122;110;130;66;137;59;0;59;56;36;143;71;75;13;14;124;95;107;121;61;40;9;22;0;17;3;73;50;105;27;0;76;91;57;69;46;2;123;29;72;6;42;81;66;0;61;40;110;5;113;68;92;70;57;42;0;100;112;0;54;6;23;106;0;17;89;63;104;73;57;27;0;50;76;44;89;72;49;65;65;84;82;79;83;67;0;100;52;85;67;109;55;2;23;46;149;31;78;132;68;0;17;49;73;27;115;0;86;76;164;70;71;53;72
0;Config C: L:H=70:30;1;1;1;1;1;1;1;1;1;1;1;1;1;1;1;1;1;1;1;1;1;1;1;1;1;1;1;1;1;1;1;1;1;1;1;1;1;1;1;1;1;1;1;1;1;1;1;1;1;1;1;1;1;1;1;1;1;1;1;1;1;1;1;1;1;1;1;1;1;1;1;1;1;1;1;1;1;1;1;1;1;1;1;1;1;1;1;1;1;1;1;1;1;1;1;1;1;1;1;1;1;1;1;1;1;1;1;1;1;1;1;1;1;1;1;1;1;1;1;1;1;1;1;1;1;1;1;1;1;1;1;1;1;1;1;1;1;1;1;1;1;1;1;1;1;1;1;1;1;1;1;1;1;1;1;1;1;1;1;1;1;1;1;1;1;1;1;1;1;1;1;1;1;1;1;1;1;1;1;1;1;1;1;1;1;1;1;1;1;1;1;1;1;1;1;1;1;1;1;1;1;1;1;1;1;1;1;1;1;1;1;1;1;1;1;1;1;1;1;1;1;1;1;1;1;1;1;1;1;1;1;1;1;1;1;1;1;1;1;1;1;1;1;1;1;1;1;1;1;1
1;Config C: L:H=70:30;30;2;2;21;30;1;24;23;5;2;12;3;23;26;1;1;18;4;30;3;2;1;2;3;3;6;5;15;7;27;2;9;5;9;1;4;5;1;2;3;1;4;2;5;4;4;1;2;2;3;7;3;4;6;2;4;1;5;2;1;5;5;1;1;14;16;12;2;16;1;4;1;7;2;24;10;1;10;1;4;11;32;1;13;32;9;2;2;19;37;2;2;2;1;2;1;1;7;1;1;1;1;1;1;1;4;4;1;1;1;2;5;8;2;3;1;16;15;12;7;3;8;10;21;10;30;7;8;12;15;2;16;9;3;15;3;10;13;10;3;11;4;5;5;11;21;25;20;4;46;6;6;16;10;4;26;15;10;17;5;12;2;2;1;1;1;12;1;13;11;2;9;10;7;1;4;5;9;4;5;6;14;2;22;21;1;8;18;4;5;3;10;17;6;5;4;8;5;18;6;14;11;2;13;19;5;10;7;1;18;15;24;3;4;4;10;6;4;4;1;8;1;3;1;3;3;2;3;4;2;3;16;4;9;5;2;7;4;1;4;1;4;2;1;1;2;1;2;2;6
2;Config C: L:H=70:30;26;11;3;28;35;1;12;14;20;5;15;2;40;27;3;1;52;8;34;12;2;12;18;20;8;4;16;9;14;14;6;55;16;45;6;3;8;1;3;3;3;11;25;3;4;10;1;2;1;3;5;7;21;3;2;1;3;6;1;2;11;8;3;1;16;19;64;1;55;1;2;21;23;2;24;27;22;8;11;16;6;64;3;5;36;28;11;24;100;30;4;1;16;18;3;1;1;31;1;2;3;33;3;1;45;3;5;3;18;5;2;16;36;11;7;8;40;23;12;12;3;5;18;27;60;26;15;21;22;21;13;35;23;6;12;10;23;24;3;9;30;2;8;27;8;40;16;19;4;57;18;22;44;22;14;10;9;13;9;4;37;1;6;1;1;4;83;9;11;23;21;4;3;34;23;2;6;12;3;24;5;15;2;28;20;16;21;5;3;9;2;20;50;13;7;19;7;4;14;39;10;17;4;11;21;6;3;34;23;7;35;35;3;7;16;6;2;2;2;5;12;6;15;11;1;27;11;3;12;5;2;29;24;20;5;11;9;32;2;16;8;10;3;3;14;4;1;4;8;15
3;Config C: L:H=70:30;38;46;9;23;49;1;27;19;33;45;13;26;46;55;19;37;52;9;42;5;8;11;26;25;31;9;9;17;7;22;9;97;20;66;8;5;4;3;6;1;2;6;57;1;3;4;1;12;2;4;51;5;13;9;3;2;3;2;2;3;17;39;4;5;14;31;53;3;77;1;2;47;17;1;24;28;14;12;12;39;7;154;6;7;46;39;10;50;86;38;27;1;94;29;36;3;55;50;7;16;4;68;9;37;46;9;11;11;7;23;32;31;25;14;12;10;65;27;5;5;34;13;38;31;62;18;16;14;7;74;7;47;8;6;8;23;62;29;4;4;34;5;17;57;3;32;8;27;19;58;25;55;63;26;12;13;49;56;28;8;39;4;10;1;3;38;84;10;10;94;48;11;9;37;15;8;8;18;1;40;3;9;2;61;76;14;24;17;1;16;2;25;55;18;5;42;3;4;27;71;14;35;19;10;21;5;9;37;15;4;26;42;2;60;16;54;2;33;9;7;11;9;47;28;9;74;11;31;21;29;3;24;59;14;8;24;51;19;6;20;35;15;8;12;5;16;1;13;12;38
4;Config C: L:H=70:30;41;59;52;24;46;1;47;13;28;73;7;64;59;39;76;46;43;14;58;3;21;6;33;92;25;5;14;33;9;23;39;82;26;31;13;6;11;20;3;1;6;3;146;3;2;10;2;8;1;2;108;4;47;54;5;5;3;2;3;9;44;55;4;3;29;75;36;2;96;12;4;41;15;1;16;27;18;25;10;25;33;150;19;51;89;32;5;64;85;64;58;27;69;53;42;17;73;68;30;18;7;88;29;58;40;57;17;3;5;20;59;18;44;7;29;24;31;15;20;12;56;16;29;15;38;8;13;10;19;128;5;48;4;19;4;32;52;18;34;5;21;7;29;97;11;37;23;14;12;100;27;68;39;26;11;13;54;58;41;4;46;11;38;5;3;42;69;8;4;92;114;35;4;25;17;8;23;62;15;29;6;9;14;63;63;43;26;52;9;29;29;16;80;22;3;20;2;11;57;30;23;53;29;4;35;2;4;25;17;6;58;44;16;70;25;73;7;23;36;9;34;7;75;91;26;53;81;18;11;19;36;40;53;14;6;25;131;30;26;31;21;11;15;47;8;4;1;11;20;42
5;Config C: L:H=70:30;103;42;113;34;41;1;41;46;38;58;8;51;34;36;74;56;46;5;58;11;11;5;41;109;30;8;5;58;5;13;48;42;23;20;10;6;53;33;2;8;5;5;171;1;2;64;6;4;2;8;110;2;69;43;5;6;15;1;3;13;50;36;22;1;49;38;48;13;80;3;5;30;12;18;28;62;29;28;9;46;19;86;19;34;60;24;4;36;72;45;59;17;57;67;25;37;89;56;31;18;3;98;17;73;59;79;27;2;30;11;56;23;88;4;31;86;20;9;22;7;52;8;49;9;40;19;11;7;35;141;29;44;27;11;3;48;37;16;44;8;21;23;34;102;4;49;15;8;14;69;27;61;51;30;31;10;60;51;40;3;57;39;30;5;2;53;60;6;3;76;126;39;18;19;18;6;55;35;16;31;13;14;17;60;41;23;26;137;5;29;31;6;74;29;10;26;19;24;29;15;34;59;35;3;28;13;18;19;18;39;102;38;26;72;69;114;8;14;58;3;62;1;80;71;18;60;100;28;19;19;38;91;24;16;29;16;77;19;37;27;38;11;10;48;32;5;3;13;31;78
6;Config C: L:H=70:30;152;56;123;29;24;37;35;59;31;56;8;26;38;39;50;63;68;12;98;15;7;3;28;129;27;19;13;60;3;18;57;28;7;15;5;13;41;73;4;35;2;32;121;3;5;30;1;9;1;4;99;19;83;22;2;3;47;6;4;26;30;55;18;2;29;27;49;11;51;3;8;24;18;58;24;66;28;18;6;62;35;80;17;39;69;21;2;22;43;31;104;33;49;57;9;18;67;51;53;15;16;60;30;83;41;58;31;17;30;5;58;17;87;3;20;91;36;5;13;10;44;4;32;27;23;17;22;2;20;140;71;37;15;6;3;44;25;13;31;7;17;87;53;120;3;42;4;27;6;35;15;40;69;20;70;8;29;55;37;6;32;74;32;4;3;47;64;8;10;58;138;49;13;38;37;22;43;22;11;10;24;38;23;40;51;24;20;110;3;26;21;14;67;34;9;15;13;17;29;28;36;45;24;10;26;29;13;38;37;59;103;45;34;60;115;76;5;22;32;3;100;8;79;64;52;50;80;13;11;12;36;66;13;12;35;44;69;17;53;57;27;2;2;57;30;3;8;10;41;64
7;Config C: L:H=70:30;112;68;135;41;30;61;40;27;31;38;32;16;34;39;34;57;60;21;75;30;20;8;34;95;26;47;13;89;2;27;82;43;7;36;6;18;36;63;6;35;11;72;99;7;5;18;2;40;6;16;71;13;64;14;4;6;55;3;6;31;17;36;7;46;37;18;52;18;25;6;26;28;10;50;24;65;36;16;4;56;50;58;9;30;41;32;2;13;87;48;108;32;56;60;23;10;57;42;127;15;10;55;25;76;39;51;21;64;22;6;40;26;96;19;38;78;26;4;9;5;53;3;55;11;33;38;33;14;26;115;70;52;17;3;13;31;45;4;29;2;35;82;65;78;29;30;0;30;1;36;16;81;41;31;80;4;32;68;51;4;34;43;20;17;3;70;64;10;30;102;149;87;31;46;61;33;26;22;9;20;20;48;24;30;44;54;32;145;5;30;15;64;75;9;25;7;28;35;46;24;42;23;12;30;50;31;31;46;61;57;97;31;29;39;141;79;23;56;29;4;77;4;78;47;100;40;64;5;23;29;29;50;14;15;50;37;70;15;41;35;18;0;0;65;26;2;17;7;49;68
8;Config C: L:H=70:30;108;121;120;55;15;141;54;13;47;38;34;18;25;14;29;72;44;17;79;26;28;15;31;113;24;30;8;57;14;35;61;40;4;43;7;45;45;46;8;31;38;57;105;10;40;44;3;104;13;22;84;22;31;28;17;20;67;5;2;38;26;25;7;37;41;16;49;15;30;7;29;13;10;34;23;53;35;17;6;53;37;41;8;33;32;37;1;9;121;60;81;42;26;44;23;19;61;26;150;12;4;71;42;69;36;39;16;40;18;9;35;23;91;26;55;70;20;6;7;3;96;3;43;20;29;93;20;2;26;81;26;52;14;1;7;34;39;9;12;10;47;76;49;78;6;13;0;27;0;61;7;76;37;28;37;1;24;38;78;8;25;28;16;32;4;90;89;9;54;80;141;46;25;50;56;60;43;20;30;27;21;47;32;16;26;33;27;110;23;26;8;49;60;16;40;5;25;33;23;16;34;19;15;54;51;82;25;50;56;53;62;26;24;66;89;58;15;48;20;2;68;9;94;39;123;37;29;4;16;37;21;37;7;9;44;44;94;21;15;37;22;0;0;83;12;2;12;18;105;61
9;Config C: L:H=70:30;80;75;106;25;12;118;29;6;33;57;18;38;35;37;18;78;37;13;58;48;42;36;37;110;24;24;60;40;18;19;27;36;5;70;4;33;75;39;2;44;35;62;80;24;38;78;1;89;58;54;83;15;18;68;43;57;55;10;2;32;19;20;3;17;18;53;31;6;50;23;16;30;5;37;31;50;23;16;20;53;53;64;7;29;20;22;1;4;98;46;30;64;28;27;23;24;70;26;107;8;9;53;47;85;23;29;31;47;27;16;45;14;76;34;67;61;14;9;0;4;52;16;26;16;11;62;26;0;35;60;9;51;12;1;3;15;20;5;7;33;43;89;38;83;8;6;0;16;0;61;4;50;21;24;30;0;16;41;63;23;10;16;50;21;6;47;99;30;54;36;107;37;14;42;65;32;55;14;31;36;12;43;37;10;36;23;24;65;20;31;9;23;45;8;37;3;29;64;51;8;19;6;10;54;69;37;14;42;65;29;60;15;13;32;75;55;14;47;21;12;60;4;87;44;160;24;50;33;21;40;43;32;21;8;48;36;66;56;27;44;20;0;0;76;3;4;12;12;111;79
10;Config C: L:H=70:30;69;46;101;26;64;68;40;11;56;61;50;39;26;56;14;89;40;18;31;42;26;19;51;78;23;52;31;36;16;16;26;20;6;54;3;31;58;42;6;49;26;60;66;28;55;49;19;83;96;67;43;10;17;82;87;38;73;10;1;50;16;9;3;30;18;68;38;3;42;33;18;29;4;21;31;43;21;20;7;34;21;94;7;33;14;14;2;21;69;50;26;54;28;10;35;15;65;15;126;39;45;49;25;61;7;9;25;59;38;17;52;10;62;28;95;58;13;3;0;3;65;35;21;8;8;31;37;0;27;40;20;51;14;6;1;10;25;4;6;26;33;66;59;70;5;2;0;14;0;50;5;52;10;44;57;0;8;23;47;41;86;13;43;11;15;34;107;72;53;35;85;27;17;38;59;17;28;7;28;27;17;25;20;6;33;15;20;94;40;23;5;39;38;2;35;2;52;53;44;31;15;24;21;53;72;47;17;38;59;18;78;28;8;18;36;29;4;54;36;10;37;10;72;51;119;20;30;10;27;36;56;45;61;6;45;39;76;82;41;33;19;0;0;48;0;20;11;12;95;42
11;Config C: L:H=70:30;55;39;71;51;56;63;54;5;45;57;42;55;39;52;13;70;42;46;34;52;18;11;28;75;26;33;14;21;27;8;41;24;16;63;7;47;55;25;6;78;44;25;107;21;31;25;10;74;97;104;23;6;16;51;82;25;34;13;1;71;15;6;3;39;31;57;33;5;36;25;21;18;20;68;17;54;11;15;5;29;12;105;7;12;13;31;1;6;59;37;55;45;32;4;32;52;75;17;132;38;40;35;30;69;12;5;14;57;77;27;60;18;64;22;86;78;55;0;0;12;118;23;7;25;6;53;19;0;28;93;16;35;19;8;1;15;21;5;5;33;35;38;49;68;3;0;0;14;0;33;1;67;7;56;83;0;13;46;59;102;75;21;41;8;38;34;88;87;44;34;94;33;12;30;48;11;49;39;29;32;20;27;16;13;66;11;14;66;62;15;4;23;47;0;29;1;57;25;25;32;6;10;18;44;45;41;12;30;48;22;55;48;6;10;43;38;15;58;47;17;24;8;48;65;86;14;20;8;41;29;40;35;33;11;43;34;73;62;31;39;23;0;0;71;0;28;15;16;95;41
12;Config C: L:H=70:30;37;42;77;49;33;59;55;5;41;46;48;56;18;38;40;40;20;28;50;48;24;22;48;92;49;23;8;11;22;6;38;22;11;42;9;46;38;37;21;40;60;34;97;25;20;34;9;110;67;100;64;40;14;27;82;11;19;13;4;47;31;5;4;19;23;58;23;18;20;51;22;13;15;63;11;25;5;9;10;13;21;75;11;10;14;33;13;8;83;47;48;38;35;5;14;49;64;36;92;52;25;35;33;58;8;16;6;51;70;21;20;11;79;32;81;77;59;0;0;3;98;35;3;34;2;69;8;0;17;114;2;38;5;2;0;11;12;6;10;22;38;24;56;74;0;0;0;22;0;61;0;82;32;44;46;0;7;75;48;86;63;34;40;3;26;12;66;75;36;29;76;48;14;20;26;22;51;38;25;66;8;19;16;21;77;8;15;106;33;5;0;17;62;0;30;1;56;12;30;20;3;16;17;36;36;50;14;20;26;34;62;57;4;3;36;44;51;46;38;14;53;10;34;93;83;8;10;1;48;50;29;21;30;7;32;69;75;56;20;29;9;0;0;109;0;54;6;23;47;27
13;Config C: L:H=70:30;48;51;94;61;48;64;39;4;36;49;37;38;12;47;61;39;10;11;44;42;19;37;82;74;35;17;12;17;24;2;31;10;6;42;3;47;47;47;30;27;53;38;108;27;22;20;2;89;47;105;58;33;13;23;64;17;20;13;7;35;32;4;4;28;23;32;19;15;11;24;14;18;14;60;15;80;4;10;7;6;29;60;2;20;37;24;52;20;65;51;57;50;20;0;30;34;66;24;78;24;21;53;31;74;2;8;8;39;34;14;53;13;77;29;71;63;30;0;0;0;64;44;1;45;1;49;5;0;24;73;0;45;5;2;0;5;14;6;18;19;27;29;53;62;0;0;0;11;0;72;0;66;44;55;30;0;2;43;33;76;51;14;31;30;24;37;95;91;40;39;103;35;11;10;9;44;54;31;28;44;5;27;8;14;67;7;5;129;37;12;0;13;72;0;45;2;26;7;20;12;13;27;14;40;45;26;11;10;9;61;100;45;5;1;49;54;65;26;42;5;38;9;17;77;96;19;11;1;57;28;23;11;20;1;38;36;60;15;10;19;10;0;0;73;0;68;4;8;25;13
14;Config C: L:H=70:30;58;41;78;75;71;54;30;3;34;33;43;31;20;28;62;30;15;7;21;47;63;57;56;58;13;10;13;10;24;18;50;18;12;51;4;119;29;43;32;32;48;48;88;34;36;17;10;71;51;86;62;31;34;17;41;24;38;29;5;48;34;5;3;43;14;14;29;12;9;21;13;9;28;70;7;84;2;5;1;36;50;102;1;30;69;28;43;35;53;67;39;40;68;0;73;26;78;12;59;11;26;87;10;64;1;5;33;45;60;9;32;8;64;40;49;53;14;0;0;0;98;15;1;38;0;51;40;0;13;78;0;24;1;0;0;2;5;0;15;6;15;22;34;68;0;0;0;9;0;91;0;60;24;47;29;0;0;17;21;87;58;9;33;24;32;68;72;73;27;34;87;50;3;32;4;38;38;17;20;54;3;8;2;6;75;3;1;100;44;7;0;19;84;0;42;1;20;11;16;14;14;35;19;27;57;27;3;32;4;60;95;50;7;0;58;39;67;19;40;2;47;6;16;57;116;43;7;22;64;23;45;11;9;0;50;29;55;12;6;10;3;0;0;62;0;57;30;11;19;12
15;Config C: L:H=70:30;71;15;122;62;45;43;15;2;33;23;26;32;24;23;44;29;21;11;13;44;48;24;37;48;16;6;9;5;30;43;47;11;5;45;16;81;30;54;57;14;27;47;81;30;52;16;16;77;65;55;36;30;32;17;29;12;55;29;36;42;38;3;15;36;8;9;45;13;19;12;6;2;23;58;2;90;1;3;3;19;51;82;3;42;54;57;22;33;64;61;30;64;67;0;66;8;65;9;74;10;17;61;8;72;3;0;17;41;52;13;34;32;84;29;31;45;8;0;0;0;70;30;1;56;0;41;31;0;24;97;0;26;0;0;0;2;3;0;10;2;7;12;13;73;0;0;0;7;0;116;0;40;33;42;25;0;0;22;24;85;51;6;48;17;48;31;53;67;18;24;57;47;5;38;3;24;48;14;13;39;1;10;0;21;82;0;1;82;32;6;0;6;73;0;39;0;22;8;7;6;33;77;24;18;42;28;5;38;3;45;46;36;5;0;61;25;49;19;29;2;36;5;30;53;91;12;6;13;57;32;45;45;9;0;28;23;46;15;19;8;1;0;0;114;0;64;54;18;29;5
16;Config C: L:H=70:30;65;25;104;46;52;61;14;14;47;22;28;9;14;22;37;21;27;3;53;36;53;6;29;60;12;2;9;2;30;13;25;9;5;21;18;55;36;31;58;9;13;35;104;34;51;16;44;119;88;64;53;38;33;39;39;12;54;31;46;12;27;0;12;29;1;6;59;4;15;14;5;1;7;56;0;53;5;1;1;7;34;97;0;27;58;52;12;35;74;58;21;55;58;0;60;3;100;6;59;2;29;65;9;80;2;0;30;41;17;24;24;47;104;54;17;45;3;0;0;0;58;20;0;24;0;41;19;0;20;86;0;37;0;0;0;0;2;0;28;1;15;52;22;85;0;0;0;6;0;95;0;50;55;35;18;0;0;12;23;72;33;1;23;29;56;13;81;37;19;31;52;41;6;43;3;21;29;13;21;17;0;8;0;23;105;0;0;81;36;4;0;5;68;0;30;0;14;3;9;9;30;55;16;19;28;101;6;43;3;19;32;32;11;0;77;32;35;22;15;0;47;37;52;49;80;8;12;9;55;20;65;41;25;0;23;42;49;60;49;16;0;0;0;81;0;59;28;7;42;3
17;Config C: L:H=70:30;59;52;57;41;38;67;10;6;70;50;26;13;12;17;32;14;8;1;50;34;27;13;35;74;5;1;10;0;25;6;25;39;3;16;22;32;52;46;60;8;6;30;73;43;48;10;40;93;75;55;59;44;41;53;50;9;26;21;40;6;13;0;13;14;4;1;45;3;10;13;2;1;5;38;0;23;2;0;1;3;51;104;0;20;43;44;1;35;74;53;11;36;38;0;44;0;73;1;49;0;33;86;66;77;0;0;31;32;10;37;46;29;81;58;35;87;3;0;0;0;51;21;0;13;0;49;15;0;8;61;0;34;0;0;0;0;8;0;13;0;9;38;26;94;0;0;0;6;0;65;0;61;68;45;36;0;0;5;11;77;21;2;54;20;42;3;122;28;19;27;64;57;8;26;1;19;18;6;16;25;0;5;0;9;72;0;0;65;97;2;0;9;55;0;40;0;9;0;2;3;14;49;19;19;49;85;8;26;1;17;61;15;18;0;64;49;20;7;30;0;52;40;63;63;98;9;4;4;47;9;64;46;25;0;21;70;84;57;48;18;0;0;0;61;0;38;24;8;70;15
18;Config C: L:H=70:30;53;33;49;46;21;55;16;3;37;53;14;33;10;10;23;7;7;1;51;54;24;5;38;80;4;0;38;0;14;1;38;43;1;31;50;27;37;51;76;19;1;30;73;22;49;15;40;83;58;78;40;36;40;47;56;3;27;13;33;3;3;0;30;10;4;2;22;0;21;12;0;0;0;36;0;27;0;0;0;2;31;108;0;25;76;37;0;21;62;37;5;48;34;0;33;0;55;2;74;0;13;99;50;64;0;0;21;27;4;43;95;23;56;49;65;85;1;0;0;0;55;18;0;15;0;50;18;0;8;40;0;36;0;0;0;0;2;0;7;0;16;30;16;64;0;0;0;1;0;85;0;81;56;37;32;0;0;19;4;73;30;0;40;12;25;0;86;11;27;43;111;25;2;62;4;34;16;4;13;18;0;1;0;9;61;0;0;79;85;6;0;19;24;0;26;0;8;0;1;3;7;55;4;27;34;64;2;62;4;32;106;21;12;0;43;84;5;2;32;0;69;27;63;61;77;26;2;15;30;14;68;62;14;0;37;49;87;32;58;13;0;0;0;44;0;50;18;2;66;31
19;Config C: L:H=70:30;40;26;79;73;28;69;14;3;25;32;37;50;27;1;33;6;4;0;84;54;27;2;43;59;0;0;32;0;6;0;32;52;1;27;96;52;30;72;70;9;0;24;60;55;38;12;11;52;49;63;40;40;21;45;65;1;34;7;27;0;44;0;16;6;5;1;16;0;41;37;0;0;0;24;0;36;0;0;0;2;38;84;0;29;51;27;0;12;39;30;7;53;35;0;28;0;53;0;109;0;11;84;43;59;0;0;24;24;4;22;94;18;63;48;49;56;0;0;0;0;38;8;0;3;0;30;21;0;18;18;0;41;0;0;0;0;2;0;4;0;20;48;20;55;0;0;0;0;0;54;0;59;63;22;33;0;0;13;1;59;30;0;27;9;31;0;56;14;27;25;107;39;0;35;5;24;14;39;43;19;0;1;0;23;43;0;0;55;81;7;0;8;39;0;31;0;3;0;3;0;3;37;2;27;17;50;0;35;5;20;77;14;8;0;58;79;1;1;17;0;43;27;39;30;57;43;0;25;30;17;26;94;43;0;24;47;80;52;108;10;0;0;0;27;0;43;9;9;59;10
20;Config C: L:H=70:30;56;44;100;35;16;83;42;1;20;39;53;53;22;2;45;17;2;0;66;53;40;0;38;35;0;0;32;0;6;0;24;44;0;20;75;31;31;43;54;3;0;29;71;39;33;14;38;68;38;38;85;38;10;70;44;0;21;4;24;0;38;0;11;3;11;0;9;0;68;17;0;0;0;24;0;25;0;0;0;3;18;62;0;14;51;25;0;9;56;22;13;91;75;0;30;0;57;0;93;0;11;49;33;61;0;0;40;10;3;27;65;15;96;62;41;61;0;0;0;0;44;27;0;2;0;27;21;0;18;59;0;34;0;0;0;0;0;0;16;0;20;57;8;55;0;0;0;0;0;45;0;43;50;13;33;0;0;4;1;41;38;0;23;8;40;0;35;64;57;19;66;27;0;61;3;52;48;60;36;18;0;0;0;17;32;0;0;43;69;1;0;9;42;0;25;0;3;0;5;0;3;44;3;57;10;57;0;61;3;6;34;9;1;0;77;59;0;2;14;0;59;31;45;48;57;70;0;17;23;21;14;73;27;0;39;76;63;53;57;4;0;0;0;29;0;32;2;12;59;27
0;Config A: noAw:L=100:0;1;1;1;1;1;1;1;1;1;1;1;1;1;1;1;1;1;1;1;1;1;1;1;1;1;1;1;1;1;1;1;1;1;1;1;1;1;1;1;1;1;1;1;1;1;1;1;1;1;1;1;1;1;1;1;1;1;1;1;1;1;1;1;1;1;1;1;1;1;1;1;1;1;1;1;1;1;1;1;1;1;1;1;1;1;1;1;1;1;1;1;1;1;1;1;1;1;1;1;1;1;NA;NA;NA;NA;NA;NA;NA;NA;NA;NA;NA;NA;NA;NA;NA;NA;NA;NA;NA;NA;NA;NA;NA;NA;NA;NA;NA;NA;NA;NA;NA;NA;NA;NA;NA;NA;NA;NA;NA;NA;NA;NA;NA;NA;NA;NA;NA;NA;NA;NA;NA;NA;NA;NA;NA;NA;NA;NA;NA;NA;NA;NA;NA;NA;NA;NA;NA;NA;NA;NA;NA;NA;NA;NA;NA;NA;NA;NA;NA;NA;NA;NA;NA;NA;NA;NA;NA;NA;NA;NA;NA;NA;NA;NA;NA;NA;NA;NA;NA;NA;NA;NA;NA;NA;NA;NA;NA;NA;NA;NA;NA;NA;NA;NA;NA;NA;NA;NA;NA;NA;NA;NA;NA;NA;NA;NA;NA;NA;NA;NA;NA;NA;NA;NA;NA;NA;NA;NA;NA;NA;NA;NA;NA;NA;NA;NA;NA;NA;NA
1;Config A: noAw:L=100:0;2;113;94;2;117;162;81;93;2;1;2;2;139;1;132;134;124;1;1;1;121;50;2;1;1;1;1;200;1;1;3;1;141;3;1;207;79;162;1;1;1;2;74;2;2;117;1;61;80;2;1;62;116;121;107;88;2;1;1;1;1;94;1;1;2;1;129;2;86;1;141;3;120;1;69;1;1;133;90;75;2;1;85;1;123;1;1;106;1;2;149;1;1;1;2;136;1;4;1;1;76;NA;NA;NA;NA;NA;NA;NA;NA;NA;NA;NA;NA;NA;NA;NA;NA;NA;NA;NA;NA;NA;NA;NA;NA;NA;NA;NA;NA;NA;NA;NA;NA;NA;NA;NA;NA;NA;NA;NA;NA;NA;NA;NA;NA;NA;NA;NA;NA;NA;NA;NA;NA;NA;NA;NA;NA;NA;NA;NA;NA;NA;NA;NA;NA;NA;NA;NA;NA;NA;NA;NA;NA;NA;NA;NA;NA;NA;NA;NA;NA;NA;NA;NA;NA;NA;NA;NA;NA;NA;NA;NA;NA;NA;NA;NA;NA;NA;NA;NA;NA;NA;NA;NA;NA;NA;NA;NA;NA;NA;NA;NA;NA;NA;NA;NA;NA;NA;NA;NA;NA;NA;NA;NA;NA;NA;NA;NA;NA;NA;NA;NA;NA;NA;NA;NA;NA;NA;NA;NA;NA;NA;NA;NA;NA;NA;NA;NA;NA;NA
2;Config A: noAw:L=100:0;154;229;143;61;188;295;303;223;1;59;4;125;296;1;284;295;241;2;6;1;326;128;2;2;6;82;73;305;157;2;116;133;275;7;1;306;179;244;6;10;106;6;192;193;83;299;1;134;180;1;2;155;253;288;205;166;115;1;116;2;1;253;1;3;119;88;214;1;240;1;291;10;306;1;149;122;1;295;229;174;62;1;185;1;293;64;2;188;174;1;361;1;100;1;127;296;92;7;2;2;262;NA;NA;NA;NA;NA;NA;NA;NA;NA;NA;NA;NA;NA;NA;NA;NA;NA;NA;NA;NA;NA;NA;NA;NA;NA;NA;NA;NA;NA;NA;NA;NA;NA;NA;NA;NA;NA;NA;NA;NA;NA;NA;NA;NA;NA;NA;NA;NA;NA;NA;NA;NA;NA;NA;NA;NA;NA;NA;NA;NA;NA;NA;NA;NA;NA;NA;NA;NA;NA;NA;NA;NA;NA;NA;NA;NA;NA;NA;NA;NA;NA;NA;NA;NA;NA;NA;NA;NA;NA;NA;NA;NA;NA;NA;NA;NA;NA;NA;NA;NA;NA;NA;NA;NA;NA;NA;NA;NA;NA;NA;NA;NA;NA;NA;NA;NA;NA;NA;NA;NA;NA;NA;NA;NA;NA;NA;NA;NA;NA;NA;NA;NA;NA;NA;NA;NA;NA;NA;NA;NA;NA;NA;NA;NA;NA;NA;NA;NA;NA
3;Config A: noAw:L=100:0;301;326;236;140;185;246;274;271;10;148;91;324;246;117;272;292;302;4;150;79;285;229;125;6;18;252;156;236;261;2;238;295;285;100;3;259;254;240;37;112;240;6;275;314;194;228;2;245;217;1;1;228;276;250;280;263;260;2;267;86;1;305;172;4;284;286;263;3;279;2;292;118;308;80;286;254;3;259;282;234;248;1;259;1;246;261;64;243;290;8;304;118;269;125;293;242;253;167;106;2;326;NA;NA;NA;NA;NA;NA;NA;NA;NA;NA;NA;NA;NA;NA;NA;NA;NA;NA;NA;NA;NA;NA;NA;NA;NA;NA;NA;NA;NA;NA;NA;NA;NA;NA;NA;NA;NA;NA;NA;NA;NA;NA;NA;NA;NA;NA;NA;NA;NA;NA;NA;NA;NA;NA;NA;NA;NA;NA;NA;NA;NA;NA;NA;NA;NA;NA;NA;NA;NA;NA;NA;NA;NA;NA;NA;NA;NA;NA;NA;NA;NA;NA;NA;NA;NA;NA;NA;NA;NA;NA;NA;NA;NA;NA;NA;NA;NA;NA;NA;NA;NA;NA;NA;NA;NA;NA;NA;NA;NA;NA;NA;NA;NA;NA;NA;NA;NA;NA;NA;NA;NA;NA;NA;NA;NA;NA;NA;NA;NA;NA;NA;NA;NA;NA;NA;NA;NA;NA;NA;NA;NA;NA;NA;NA;NA;NA;NA;NA;NA
4;Config A: noAw:L=100:0;280;268;252;237;195;181;176;212;199;288;199;289;187;218;182;221;242;17;229;220;193;282;264;132;177;234;288;165;248;7;265;284;223;207;5;195;260;244;276;322;256;6;265;276;279;199;63;270;220;153;1;273;232;244;259;286;232;139;262;230;2;215;221;16;253;243;242;11;205;1;189;268;242;142;262;290;1;218;241;243;282;119;261;4;216;325;223;238;255;29;192;212;264;278;277;180;279;294;200;60;236;NA;NA;NA;NA;NA;NA;NA;NA;NA;NA;NA;NA;NA;NA;NA;NA;NA;NA;NA;NA;NA;NA;NA;NA;NA;NA;NA;NA;NA;NA;NA;NA;NA;NA;NA;NA;NA;NA;NA;NA;NA;NA;NA;NA;NA;NA;NA;NA;NA;NA;NA;NA;NA;NA;NA;NA;NA;NA;NA;NA;NA;NA;NA;NA;NA;NA;NA;NA;NA;NA;NA;NA;NA;NA;NA;NA;NA;NA;NA;NA;NA;NA;NA;NA;NA;NA;NA;NA;NA;NA;NA;NA;NA;NA;NA;NA;NA;NA;NA;NA;NA;NA;NA;NA;NA;NA;NA;NA;NA;NA;NA;NA;NA;NA;NA;NA;NA;NA;NA;NA;NA;NA;NA;NA;NA;NA;NA;NA;NA;NA;NA;NA;NA;NA;NA;NA;NA;NA;NA;NA;NA;NA;NA;NA;NA;NA;NA;NA;NA
5;Config A: noAw:L=100:0;194;191;209;258;160;163;144;225;279;274;253;237;159;237;144;202;172;127;229;230;158;170;275;251;262;207;332;145;223;23;207;191;201;277;54;193;249;208;293;321;162;8;215;208;247;203;257;261;191;227;19;225;186;206;198;209;181;231;226;272;1;172;241;176;216;161;164;104;182;6;189;238;174;248;191;260;1;160;229;211;232;205;222;10;238;219;259;182;202;121;162;192;228;301;186;168;229;282;260;152;178;NA;NA;NA;NA;NA;NA;NA;NA;NA;NA;NA;NA;NA;NA;NA;NA;NA;NA;NA;NA;NA;NA;NA;NA;NA;NA;NA;NA;NA;NA;NA;NA;NA;NA;NA;NA;NA;NA;NA;NA;NA;NA;NA;NA;NA;NA;NA;NA;NA;NA;NA;NA;NA;NA;NA;NA;NA;NA;NA;NA;NA;NA;NA;NA;NA;NA;NA;NA;NA;NA;NA;NA;NA;NA;NA;NA;NA;NA;NA;NA;NA;NA;NA;NA;NA;NA;NA;NA;NA;NA;NA;NA;NA;NA;NA;NA;NA;NA;NA;NA;NA;NA;NA;NA;NA;NA;NA;NA;NA;NA;NA;NA;NA;NA;NA;NA;NA;NA;NA;NA;NA;NA;NA;NA;NA;NA;NA;NA;NA;NA;NA;NA;NA;NA;NA;NA;NA;NA;NA;NA;NA;NA;NA;NA;NA;NA;NA;NA;NA
6;Config A: noAw:L=100:0;165;179;185;220;208;183;130;206;243;180;219;174;152;224;177;155;149;289;209;221;217;155;222;250;225;240;237;132;173;82;161;161;198;228;185;192;174;151;212;221;137;57;172;158;173;217;311;215;191;233;33;198;157;166;164;169;143;299;145;197;106;236;235;283;170;148;153;276;196;76;212;174;158;239;149;167;3;218;163;176;198;231;228;3;188;143;188;175;182;245;170;166;187;203;138;170;180;181;259;257;169;NA;NA;NA;NA;NA;NA;NA;NA;NA;NA;NA;NA;NA;NA;NA;NA;NA;NA;NA;NA;NA;NA;NA;NA;NA;NA;NA;NA;NA;NA;NA;NA;NA;NA;NA;NA;NA;NA;NA;NA;NA;NA;NA;NA;NA;NA;NA;NA;NA;NA;NA;NA;NA;NA;NA;NA;NA;NA;NA;NA;NA;NA;NA;NA;NA;NA;NA;NA;NA;NA;NA;NA;NA;NA;NA;NA;NA;NA;NA;NA;NA;NA;NA;NA;NA;NA;NA;NA;NA;NA;NA;NA;NA;NA;NA;NA;NA;NA;NA;NA;NA;NA;NA;NA;NA;NA;NA;NA;NA;NA;NA;NA;NA;NA;NA;NA;NA;NA;NA;NA;NA;NA;NA;NA;NA;NA;NA;NA;NA;NA;NA;NA;NA;NA;NA;NA;NA;NA;NA;NA;NA;NA;NA;NA;NA;NA;NA;NA;NA
7;Config A: noAw:L=100:0;194;183;174;179;207;199;166;205;209;157;170;183;203;241;135;168;169;297;178;202;203;173;159;218;193;193;166;183;166;217;177;181;148;205;257;178;139;125;164;145;117;273;204;136;158;181;253;188;138;171;56;185;175;185;164;128;180;248;177;192;245;225;200;244;143;140;162;269;146;217;233;167;184;200;174;166;4;190;132;192;221;201;203;70;163;182;206;202;198;244;190;165;157;151;173;173;126;126;238;215;139;NA;NA;NA;NA;NA;NA;NA;NA;NA;NA;NA;NA;NA;NA;NA;NA;NA;NA;NA;NA;NA;NA;NA;NA;NA;NA;NA;NA;NA;NA;NA;NA;NA;NA;NA;NA;NA;NA;NA;NA;NA;NA;NA;NA;NA;NA;NA;NA;NA;NA;NA;NA;NA;NA;NA;NA;NA;NA;NA;NA;NA;NA;NA;NA;NA;NA;NA;NA;NA;NA;NA;NA;NA;NA;NA;NA;NA;NA;NA;NA;NA;NA;NA;NA;NA;NA;NA;NA;NA;NA;NA;NA;NA;NA;NA;NA;NA;NA;NA;NA;NA;NA;NA;NA;NA;NA;NA;NA;NA;NA;NA;NA;NA;NA;NA;NA;NA;NA;NA;NA;NA;NA;NA;NA;NA;NA;NA;NA;NA;NA;NA;NA;NA;NA;NA;NA;NA;NA;NA;NA;NA;NA;NA;NA;NA;NA;NA;NA;NA
8;Config A: noAw:L=100:0;165;188;206;150;202;188;168;182;144;171;180;191;155;201;139;152;162;250;211;197;192;167;181;226;231;201;147;151;206;218;161;140;161;163;241;166;168;160;127;180;181;275;151;148;210;147;186;209;152;142;207;169;159;192;129;110;200;190;142;179;259;160;174;208;191;172;176;208;165;285;158;176;157;174;191;184;1;169;150;195;174;169;141;207;189;193;175;156;197;220;163;190;156;174;169;194;156;152;207;220;134;NA;NA;NA;NA;NA;NA;NA;NA;NA;NA;NA;NA;NA;NA;NA;NA;NA;NA;NA;NA;NA;NA;NA;NA;NA;NA;NA;NA;NA;NA;NA;NA;NA;NA;NA;NA;NA;NA;NA;NA;NA;NA;NA;NA;NA;NA;NA;NA;NA;NA;NA;NA;NA;NA;NA;NA;NA;NA;NA;NA;NA;NA;NA;NA;NA;NA;NA;NA;NA;NA;NA;NA;NA;NA;NA;NA;NA;NA;NA;NA;NA;NA;NA;NA;NA;NA;NA;NA;NA;NA;NA;NA;NA;NA;NA;NA;NA;NA;NA;NA;NA;NA;NA;NA;NA;NA;NA;NA;NA;NA;NA;NA;NA;NA;NA;NA;NA;NA;NA;NA;NA;NA;NA;NA;NA;NA;NA;NA;NA;NA;NA;NA;NA;NA;NA;NA;NA;NA;NA;NA;NA;NA;NA;NA;NA;NA;NA;NA;NA
9;Config A: noAw:L=100:0;144;134;186;161;204;191;156;155;171;231;186;176;161;185;212;170;183;219;186;202;178;222;223;193;205;174;159;151;186;209;117;176;200;159;220;151;194;116;148;207;196;199;153;193;190;185;130;185;140;131;292;171;155;216;111;179;145;153;149;193;218;158;216;197;165;214;162;214;173;203;133;197;164;173;147;181;0;134;160;199;183;201;136;251;166;187;160;166;181;212;160;201;150;198;200;245;194;161;186;192;216;NA;NA;NA;NA;NA;NA;NA;NA;NA;NA;NA;NA;NA;NA;NA;NA;NA;NA;NA;NA;NA;NA;NA;NA;NA;NA;NA;NA;NA;NA;NA;NA;NA;NA;NA;NA;NA;NA;NA;NA;NA;NA;NA;NA;NA;NA;NA;NA;NA;NA;NA;NA;NA;NA;NA;NA;NA;NA;NA;NA;NA;NA;NA;NA;NA;NA;NA;NA;NA;NA;NA;NA;NA;NA;NA;NA;NA;NA;NA;NA;NA;NA;NA;NA;NA;NA;NA;NA;NA;NA;NA;NA;NA;NA;NA;NA;NA;NA;NA;NA;NA;NA;NA;NA;NA;NA;NA;NA;NA;NA;NA;NA;NA;NA;NA;NA;NA;NA;NA;NA;NA;NA;NA;NA;NA;NA;NA;NA;NA;NA;NA;NA;NA;NA;NA;NA;NA;NA;NA;NA;NA;NA;NA;NA;NA;NA;NA;NA;NA
10;Config A: noAw:L=100:0;182;198;179;181;220;189;188;148;215;182;169;154;175;210;194;169;199;176;142;188;174;191;240;173;206;160;186;209;173;201;161;220;205;121;215;196;169;95;176;193;227;160;155;235;157;180;151;183;193;106;228;201;140;214;219;200;179;179;173;169;167;169;166;208;170;210;162;193;160;161;156;175;184;212;123;143;0;148;167;171;215;170;192;234;129;171;157;197;176;157;161;163;184;179;199;207;176;160;198;194;228;NA;NA;NA;NA;NA;NA;NA;NA;NA;NA;NA;NA;NA;NA;NA;NA;NA;NA;NA;NA;NA;NA;NA;NA;NA;NA;NA;NA;NA;NA;NA;NA;NA;NA;NA;NA;NA;NA;NA;NA;NA;NA;NA;NA;NA;NA;NA;NA;NA;NA;NA;NA;NA;NA;NA;NA;NA;NA;NA;NA;NA;NA;NA;NA;NA;NA;NA;NA;NA;NA;NA;NA;NA;NA;NA;NA;NA;NA;NA;NA;NA;NA;NA;NA;NA;NA;NA;NA;NA;NA;NA;NA;NA;NA;NA;NA;NA;NA;NA;NA;NA;NA;NA;NA;NA;NA;NA;NA;NA;NA;NA;NA;NA;NA;NA;NA;NA;NA;NA;NA;NA;NA;NA;NA;NA;NA;NA;NA;NA;NA;NA;NA;NA;NA;NA;NA;NA;NA;NA;NA;NA;NA;NA;NA;NA;NA;NA;NA;NA
11;Config A: noAw:L=100:0;199;195;190;232;156;149;205;190;186;150;178;180;189;214;162;172;168;151;165;211;185;152;218;182;187;214;193;260;136;183;155;224;195;200;189;223;174;120;184;192;209;156;143;185;184;160;199;148;261;155;157;196;162;151;179;175;222;141;201;154;128;153;132;198;188;187;192;172;163;193;203;184;222;215;108;192;0;140;161;190;211;129;237;227;201;164;227;183;169;132;181;164;247;163;178;167;202;171;213;157;187;NA;NA;NA;NA;NA;NA;NA;NA;NA;NA;NA;NA;NA;NA;NA;NA;NA;NA;NA;NA;NA;NA;NA;NA;NA;NA;NA;NA;NA;NA;NA;NA;NA;NA;NA;NA;NA;NA;NA;NA;NA;NA;NA;NA;NA;NA;NA;NA;NA;NA;NA;NA;NA;NA;NA;NA;NA;NA;NA;NA;NA;NA;NA;NA;NA;NA;NA;NA;NA;NA;NA;NA;NA;NA;NA;NA;NA;NA;NA;NA;NA;NA;NA;NA;NA;NA;NA;NA;NA;NA;NA;NA;NA;NA;NA;NA;NA;NA;NA;NA;NA;NA;NA;NA;NA;NA;NA;NA;NA;NA;NA;NA;NA;NA;NA;NA;NA;NA;NA;NA;NA;NA;NA;NA;NA;NA;NA;NA;NA;NA;NA;NA;NA;NA;NA;NA;NA;NA;NA;NA;NA;NA;NA;NA;NA;NA;NA;NA;NA
12;Config A: noAw:L=100:0;201;192;172;190;132;147;189;184;160;161;143;221;244;176;142;203;170;165;186;169;193;163;211;159;207;199;166;197;131;181;153;178;161;170;135;168;226;168;154;172;219;166;127;157;200;157;193;166;192;174;177;208;162;145;172;166;165;116;188;185;143;122;161;211;207;167;190;178;157;198;188;151;190;201;215;223;0;195;151;143;174;190;206;161;204;183;182;185;194;143;178;155;217;240;153;151;211;180;193;139;169;NA;NA;NA;NA;NA;NA;NA;NA;NA;NA;NA;NA;NA;NA;NA;NA;NA;NA;NA;NA;NA;NA;NA;NA;NA;NA;NA;NA;NA;NA;NA;NA;NA;NA;NA;NA;NA;NA;NA;NA;NA;NA;NA;NA;NA;NA;NA;NA;NA;NA;NA;NA;NA;NA;NA;NA;NA;NA;NA;NA;NA;NA;NA;NA;NA;NA;NA;NA;NA;NA;NA;NA;NA;NA;NA;NA;NA;NA;NA;NA;NA;NA;NA;NA;NA;NA;NA;NA;NA;NA;NA;NA;NA;NA;NA;NA;NA;NA;NA;NA;NA;NA;NA;NA;NA;NA;NA;NA;NA;NA;NA;NA;NA;NA;NA;NA;NA;NA;NA;NA;NA;NA;NA;NA;NA;NA;NA;NA;NA;NA;NA;NA;NA;NA;NA;NA;NA;NA;NA;NA;NA;NA;NA;NA;NA;NA;NA;NA;NA
13;Config A: noAw:L=100:0;214;188;192;174;159;200;147;187;194;165;137;207;193;156;181;189;212;165;205;170;166;181;153;192;191;163;159;212;223;180;189;164;167;152;148;148;159;189;160;187;200;241;162;211;196;162;160;176;160;177;199;176;174;157;158;201;119;135;198;207;154;140;208;173;211;175;162;171;198;198;154;202;176;167;250;161;0;179;237;218;190;238;187;130;202;265;130;138;219;181;120;139;211;235;215;130;170;198;153;213;158;NA;NA;NA;NA;NA;NA;NA;NA;NA;NA;NA;NA;NA;NA;NA;NA;NA;NA;NA;NA;NA;NA;NA;NA;NA;NA;NA;NA;NA;NA;NA;NA;NA;NA;NA;NA;NA;NA;NA;NA;NA;NA;NA;NA;NA;NA;NA;NA;NA;NA;NA;NA;NA;NA;NA;NA;NA;NA;NA;NA;NA;NA;NA;NA;NA;NA;NA;NA;NA;NA;NA;NA;NA;NA;NA;NA;NA;NA;NA;NA;NA;NA;NA;NA;NA;NA;NA;NA;NA;NA;NA;NA;NA;NA;NA;NA;NA;NA;NA;NA;NA;NA;NA;NA;NA;NA;NA;NA;NA;NA;NA;NA;NA;NA;NA;NA;NA;NA;NA;NA;NA;NA;NA;NA;NA;NA;NA;NA;NA;NA;NA;NA;NA;NA;NA;NA;NA;NA;NA;NA;NA;NA;NA;NA;NA;NA;NA;NA;NA
14;Config A: noAw:L=100:0;181;208;228;189;206;208;181;161;218;188;206;140;156;169;238;165;188;185;214;172;191;199;135;227;155;175;186;201;180;159;194;171;196;198;191;175;118;192;181;188;182;187;181;173;193;161;171;206;154;171;203;136;220;187;141;174;139;185;186;168;180;174;194;156;204;197;159;185;223;194;131;165;208;171;218;180;0;169;173;225;212;204;196;145;154;209;183;136;196;208;191;170;166;181;171;181;168;177;126;216;183;NA;NA;NA;NA;NA;NA;NA;NA;NA;NA;NA;NA;NA;NA;NA;NA;NA;NA;NA;NA;NA;NA;NA;NA;NA;NA;NA;NA;NA;NA;NA;NA;NA;NA;NA;NA;NA;NA;NA;NA;NA;NA;NA;NA;NA;NA;NA;NA;NA;NA;NA;NA;NA;NA;NA;NA;NA;NA;NA;NA;NA;NA;NA;NA;NA;NA;NA;NA;NA;NA;NA;NA;NA;NA;NA;NA;NA;NA;NA;NA;NA;NA;NA;NA;NA;NA;NA;NA;NA;NA;NA;NA;NA;NA;NA;NA;NA;NA;NA;NA;NA;NA;NA;NA;NA;NA;NA;NA;NA;NA;NA;NA;NA;NA;NA;NA;NA;NA;NA;NA;NA;NA;NA;NA;NA;NA;NA;NA;NA;NA;NA;NA;NA;NA;NA;NA;NA;NA;NA;NA;NA;NA;NA;NA;NA;NA;NA;NA;NA
15;Config A: noAw:L=100:0;158;186;207;199;200;176;242;183;225;207;189;150;149;247;210;208;158;180;202;182;172;191;180;177;195;193;210;195;139;194;173;149;186;191;191;164;126;204;145;177;183;200;207;149;181;182;205;221;183;184;162;137;186;210;215;141;232;232;161;154;167;168;238;147;193;181;174;210;222;198;155;163;248;174;213;235;0;177;181;167;204;158;183;176;159;184;171;124;194;224;174;169;150;158;154;219;181;178;192;156;190;NA;NA;NA;NA;NA;NA;NA;NA;NA;NA;NA;NA;NA;NA;NA;NA;NA;NA;NA;NA;NA;NA;NA;NA;NA;NA;NA;NA;NA;NA;NA;NA;NA;NA;NA;NA;NA;NA;NA;NA;NA;NA;NA;NA;NA;NA;NA;NA;NA;NA;NA;NA;NA;NA;NA;NA;NA;NA;NA;NA;NA;NA;NA;NA;NA;NA;NA;NA;NA;NA;NA;NA;NA;NA;NA;NA;NA;NA;NA;NA;NA;NA;NA;NA;NA;NA;NA;NA;NA;NA;NA;NA;NA;NA;NA;NA;NA;NA;NA;NA;NA;NA;NA;NA;NA;NA;NA;NA;NA;NA;NA;NA;NA;NA;NA;NA;NA;NA;NA;NA;NA;NA;NA;NA;NA;NA;NA;NA;NA;NA;NA;NA;NA;NA;NA;NA;NA;NA;NA;NA;NA;NA;NA;NA;NA;NA;NA;NA;NA
16;Config A: noAw:L=100:0;162;154;185;165;197;133;220;214;203;179;153;182;149;208;175;172;176;191;208;152;119;175;194;160;180;174;190;143;150;201;206;117;195;169;184;160;143;182;115;170;185;231;167;180;165;208;176;186;162;178;142;195;162;184;202;177;186;185;167;176;190;162;175;153;211;202;138;233;196;185;158;166;199;147;186;211;0;164;184;151;151;149;181;182;169;188;170;188;172;210;161;157;173;160;154;197;174;169;216;158;178;NA;NA;NA;NA;NA;NA;NA;NA;NA;NA;NA;NA;NA;NA;NA;NA;NA;NA;NA;NA;NA;NA;NA;NA;NA;NA;NA;NA;NA;NA;NA;NA;NA;NA;NA;NA;NA;NA;NA;NA;NA;NA;NA;NA;NA;NA;NA;NA;NA;NA;NA;NA;NA;NA;NA;NA;NA;NA;NA;NA;NA;NA;NA;NA;NA;NA;NA;NA;NA;NA;NA;NA;NA;NA;NA;NA;NA;NA;NA;NA;NA;NA;NA;NA;NA;NA;NA;NA;NA;NA;NA;NA;NA;NA;NA;NA;NA;NA;NA;NA;NA;NA;NA;NA;NA;NA;NA;NA;NA;NA;NA;NA;NA;NA;NA;NA;NA;NA;NA;NA;NA;NA;NA;NA;NA;NA;NA;NA;NA;NA;NA;NA;NA;NA;NA;NA;NA;NA;NA;NA;NA;NA;NA;NA;NA;NA;NA;NA;NA
17;Config A: noAw:L=100:0;127;151;172;205;212;150;179;193;176;168;169;131;159;164;172;184;165;200;180;171;168;150;177;144;146;155;187;159;170;225;198;168;188;137;194;172;166;187;143;154;221;146;170;217;168;190;169;147;181;178;189;219;153;170;159;184;112;188;145;216;191;135;170;215;201;216;164;171;193;169;160;204;171;204;151;188;0;191;144;152;155;135;188;219;206;194;166;186;196;190;171;138;151;142;254;190;196;123;163;189;165;NA;NA;NA;NA;NA;NA;NA;NA;NA;NA;NA;NA;NA;NA;NA;NA;NA;NA;NA;NA;NA;NA;NA;NA;NA;NA;NA;NA;NA;NA;NA;NA;NA;NA;NA;NA;NA;NA;NA;NA;NA;NA;NA;NA;NA;NA;NA;NA;NA;NA;NA;NA;NA;NA;NA;NA;NA;NA;NA;NA;NA;NA;NA;NA;NA;NA;NA;NA;NA;NA;NA;NA;NA;NA;NA;NA;NA;NA;NA;NA;NA;NA;NA;NA;NA;NA;NA;NA;NA;NA;NA;NA;NA;NA;NA;NA;NA;NA;NA;NA;NA;NA;NA;NA;NA;NA;NA;NA;NA;NA;NA;NA;NA;NA;NA;NA;NA;NA;NA;NA;NA;NA;NA;NA;NA;NA;NA;NA;NA;NA;NA;NA;NA;NA;NA;NA;NA;NA;NA;NA;NA;NA;NA;NA;NA;NA;NA;NA;NA
18;Config A: noAw:L=100:0;133;144;164;199;198;186;182;193;166;195;168;135;188;150;165;196;173;189;199;194;172;199;214;171;213;196;200;175;228;197;188;194;195;165;204;182;178;186;146;145;238;154;160;189;155;158;186;168;202;231;165;183;196;162;181;176;105;170;177;200;179;159;195;199;199;189;166;131;171;201;204;189;164;211;164;147;0;140;153;172;181;167;160;182;192;207;162;182;229;152;247;148;143;167;213;194;170;133;134;192;186;NA;NA;NA;NA;NA;NA;NA;NA;NA;NA;NA;NA;NA;NA;NA;NA;NA;NA;NA;NA;NA;NA;NA;NA;NA;NA;NA;NA;NA;NA;NA;NA;NA;NA;NA;NA;NA;NA;NA;NA;NA;NA;NA;NA;NA;NA;NA;NA;NA;NA;NA;NA;NA;NA;NA;NA;NA;NA;NA;NA;NA;NA;NA;NA;NA;NA;NA;NA;NA;NA;NA;NA;NA;NA;NA;NA;NA;NA;NA;NA;NA;NA;NA;NA;NA;NA;NA;NA;NA;NA;NA;NA;NA;NA;NA;NA;NA;NA;NA;NA;NA;NA;NA;NA;NA;NA;NA;NA;NA;NA;NA;NA;NA;NA;NA;NA;NA;NA;NA;NA;NA;NA;NA;NA;NA;NA;NA;NA;NA;NA;NA;NA;NA;NA;NA;NA;NA;NA;NA;NA;NA;NA;NA;NA;NA;NA;NA;NA;NA
19;Config A: noAw:L=100:0;234;124;186;158;178;222;188;207;146;146;158;151;175;154;172;154;154;175;187;172;170;183;233;200;181;186;211;196;168;182;200;187;194;134;196;146;172;204;154;153;176;115;173;196;149;173;151;212;170;195;175;162;159;184;198;156;138;159;246;185;197;226;153;158;174;189;198;156;189;184;238;207;178;170;171;145;0;203;167;179;168;206;178;211;202;193;141;191;218;141;225;147;159;118;157;191;185;197;96;190;193;NA;NA;NA;NA;NA;NA;NA;NA;NA;NA;NA;NA;NA;NA;NA;NA;NA;NA;NA;NA;NA;NA;NA;NA;NA;NA;NA;NA;NA;NA;NA;NA;NA;NA;NA;NA;NA;NA;NA;NA;NA;NA;NA;NA;NA;NA;NA;NA;NA;NA;NA;NA;NA;NA;NA;NA;NA;NA;NA;NA;NA;NA;NA;NA;NA;NA;NA;NA;NA;NA;NA;NA;NA;NA;NA;NA;NA;NA;NA;NA;NA;NA;NA;NA;NA;NA;NA;NA;NA;NA;NA;NA;NA;NA;NA;NA;NA;NA;NA;NA;NA;NA;NA;NA;NA;NA;NA;NA;NA;NA;NA;NA;NA;NA;NA;NA;NA;NA;NA;NA;NA;NA;NA;NA;NA;NA;NA;NA;NA;NA;NA;NA;NA;NA;NA;NA;NA;NA;NA;NA;NA;NA;NA;NA;NA;NA;NA;NA;NA
20;Config A: noAw:L=100:0;213;205;194;188;183;186;198;195;169;148;135;158;201;179;165;128;161;189;207;152;217;152;151;204;191;188;196;183;151;142;176;195;197;134;172;139;219;163;156;201;160;125;191;177;190;193;190;254;137;159;130;193;141;214;177;150;167;188;197;193;195;171;139;165;148;161;182;177;187;213;168;202;139;172;167;194;0;237;160;156;220;203;169;225;222;181;161;187;161;146;164;132;162;161;188;203;189;197;178;191;184;NA;NA;NA;NA;NA;NA;NA;NA;NA;NA;NA;NA;NA;NA;NA;NA;NA;NA;NA;NA;NA;NA;NA;NA;NA;NA;NA;NA;NA;NA;NA;NA;NA;NA;NA;NA;NA;NA;NA;NA;NA;NA;NA;NA;NA;NA;NA;NA;NA;NA;NA;NA;NA;NA;NA;NA;NA;NA;NA;NA;NA;NA;NA;NA;NA;NA;NA;NA;NA;NA;NA;NA;NA;NA;NA;NA;NA;NA;NA;NA;NA;NA;NA;NA;NA;NA;NA;NA;NA;NA;NA;NA;NA;NA;NA;NA;NA;NA;NA;NA;NA;NA;NA;NA;NA;NA;NA;NA;NA;NA;NA;NA;NA;NA;NA;NA;NA;NA;NA;NA;NA;NA;NA;NA;NA;NA;NA;NA;NA;NA;NA;NA;NA;NA;NA;NA;NA;NA;NA;NA;NA;NA;NA;NA;NA;NA;NA;NA;NA